<?xml version="1.0" encoding="utf-8" ?>
<odoo noupdate="1">
    <record model="ir.cron" id="cron_check_packaging">
        <field name='name'>Check sale by packaging on wishlist lines</field>
        <field name='interval_number'>30</field>
        <field name='interval_type'>minutes</field>
        <field name="active" eval="True" />
        <field name="model_id" ref="sale_product_set.model_product_set_line" />
        <field name="state">code</field>
        <field name="code">model.cron_check_packaging()</field>
    </record>
</odoo>
